Sample,Spectrum_index,Precursor_mass,Intensity_sum,Intensity_mean,RT,Matched_peptide
sample,23,450.250793457031,4073.892,32.85397,1575.74987792969,LC(Carbamidomethyl)VLHEK
sample,89,395.239349365234,16062.114,107.080765,1933.40515136719,LVTDLTK
sample,178,487.732238769531,8208.24,32.443638,1984.97546386719,DLGEEHFK
sample,271,461.74755859375,78322.46,636.768,2038.95886230469,AEFVEVTK
sample,98,379.715576171875,1342.5911,10.327623,2100.20629882812,GAC(Carbamidomethyl)LLPK
sample,131,501.795013427734,1896.9995,10.48066,2380.93310546875,LVVSTQTALA
sample,163,464.250335693359,20677.062,105.49522,2398.77709960938,YLYEIAR
sample,224,483.25,1297.3547,10.634055,2454.63354492188,.(Acetyl)AEFVEVTK
